{
    "1195": {
        "program": "Soekarno: Indonesia Merdeka",
        "episodes": [
            {
                "title": "Soekarno: Indonesia Merdeka",
                "logo": "https:\/\/cdn-production-thumbor-vidio.akamaized.net\/HrV_PoHwr35egYWWcx4E5GZQXz0=\/128x184\/filters:quality(75)\/vidio-web-prod-film\/uploads\/film\/image_portrait\/1195\/soekarno-indonesia-merdeka-8e7c66.jpg",
                "url": "https:\/\/portaltv.xyz\/vidio\/vv_1930454.m3u8",
                "id": "1930454"
            }
        ]
    }
}