{
    "1756": {
        "program": "SERIGALA TERAKHIR",
        "season": {
            "Season 1": {
                "episodes": [
                    {
                        "title": "Ep 01 - Awal dan Tenggat Waktu",
                        "logo": "https:\/\/cdn-production-thumbor-vidio.akamaized.net\/f4-20fhCMUYPPtHnDMhiJXwOeqc=\/220x124\/filters:quality(75)\/vidio-web-prod-video\/uploads\/video\/image\/2032473\/ep-01-awal-dan-tengat-waktu-14b8dc.jpg",
                        "url": "https:\/\/portaltv.xyz\/vidio\/vv_2032473.m3u8",
                        "id": "2032473"
                    },
                    {
                        "title": "Ep 02 - Salam Dari Kawan Lama",
                        "logo": "https:\/\/cdn-production-thumbor-vidio.akamaized.net\/ElDNcYr6xdtfV2eimKSiDOr9Q6s=\/220x124\/filters:quality(75)\/vidio-web-prod-video\/uploads\/video\/image\/2035857\/ep-02-salam-dari-kawan-lama-6d534e.jpg",
                        "url": "https:\/\/portaltv.xyz\/vidio\/vv_2035857.m3u8",
                        "id": "2035857"
                    },
                    {
                        "title": "Ep 03 - Musuh dalam Selimut",
                        "logo": "https:\/\/cdn-production-thumbor-vidio.akamaized.net\/PfdKoLJfj9TO1MYpoch4Xtv8BcI=\/220x124\/filters:quality(75)\/vidio-web-prod-video\/uploads\/video\/image\/2042093\/episode-03-d5c7a4.jpg",
                        "url": "https:\/\/portaltv.xyz\/vidio\/vv_2042093.m3u8",
                        "id": "2042093"
                    },
                    {
                        "title": "Ep 04 - Percikan Peperangan",
                        "logo": "https:\/\/cdn-production-thumbor-vidio.akamaized.net\/eSgSKxwKLaXJ2fiZzrS6iiIWuyc=\/220x124\/filters:quality(75)\/vidio-web-prod-video\/uploads\/video\/image\/2046161\/episode-04-6da512.jpg",
                        "url": "https:\/\/portaltv.xyz\/vidio\/vv_2046161.m3u8",
                        "id": "2046161"
                    },
                    {
                        "title": "Ep 05 - Korban",
                        "logo": "https:\/\/cdn-production-thumbor-vidio.akamaized.net\/Uo5eTW4nqgjfvsheMtuFzsxrzQc=\/220x124\/filters:quality(75)\/vidio-web-prod-video\/uploads\/video\/image\/2046998\/ep-05-korban-5b828b.jpg",
                        "url": "https:\/\/portaltv.xyz\/vidio\/vv_2046998.m3u8",
                        "id": "2046998"
                    },
                    {
                        "title": "Ep 06 - Penebusan",
                        "logo": "https:\/\/cdn-production-thumbor-vidio.akamaized.net\/y1JcmeVzNEOMrekTlM3BU4i2mN8=\/220x124\/filters:quality(75)\/vidio-web-prod-video\/uploads\/video\/image\/2049915\/pepe-rame-eps-6-f1714b.jpg",
                        "url": "https:\/\/portaltv.xyz\/vidio\/vv_2049915.m3u8",
                        "id": "2049915"
                    }
                ]
            },
            "Extras": {
                "episodes": [
                    {
                        "title": "Serigala Terakhir - Vidio Original Series | 5 Hari Lagi",
                        "logo": "https:\/\/cdn-production-thumbor-vidio.akamaized.net\/RLLj3Koj1A7vtwHT4y8j1Wcc4yE=\/220x124\/filters:quality(75)\/vidio-web-prod-media\/uploads\/2034759\/images\/ets2_hq_ETS2fc2e3dbe503d2444_640x360-00001.jpg",
                        "url": "https:\/\/portaltv.xyz\/vidio\/vv_2034759.m3u8",
                        "id": "2034759"
                    },
                    {
                        "title": "Serigala Terakhir - Vidio Original Series | 4 Hari Lagi",
                        "logo": "https:\/\/cdn-production-thumbor-vidio.akamaized.net\/rPKpkQ2v2m5YUIihH0NZgLaLPY0=\/220x124\/filters:quality(75)\/vidio-web-prod-media\/uploads\/2034760\/images\/ets2_hq_ETS2d89cfd85079e6a8a_640x360-00001.jpg",
                        "url": "https:\/\/portaltv.xyz\/vidio\/vv_2034760.m3u8",
                        "id": "2034760"
                    },
                    {
                        "title": "Serigala Terakhir - Vidio Original Series | 3 Hari Lagi",
                        "logo": "https:\/\/cdn-production-thumbor-vidio.akamaized.net\/_7josYPAWtBNYx0pY-EGh1j4ZLc=\/220x124\/filters:quality(75)\/vidio-web-prod-media\/uploads\/2034761\/images\/ets2_hq_ETS2fc615d1a62743e03_640x360-00002.jpg",
                        "url": "https:\/\/portaltv.xyz\/vidio\/vv_2034761.m3u8",
                        "id": "2034761"
                    },
                    {
                        "title": "Serigala Terakhir - Vidio Original Series | 2 Hari Lagi",
                        "logo": "https:\/\/cdn-production-thumbor-vidio.akamaized.net\/XRmgchfIUzNpd8iP6EZxxYhdfho=\/220x124\/filters:quality(75)\/vidio-web-prod-media\/uploads\/2034762\/images\/ets2_hq_ETS22a7af53ea37ddcb9_640x360-00001.jpg",
                        "url": "https:\/\/portaltv.xyz\/vidio\/vv_2034762.m3u8",
                        "id": "2034762"
                    },
                    {
                        "title": "Serigala Terakhir - Vidio Original Series | Besok Tayang",
                        "logo": "https:\/\/cdn-production-thumbor-vidio.akamaized.net\/T3ZiahfYtatqkWmvKx6qN9XxQJU=\/220x124\/filters:quality(75)\/vidio-web-prod-media\/uploads\/2034763\/images\/ets2_hq_ETS275b93c009647c793_640x360-00001.jpg",
                        "url": "https:\/\/portaltv.xyz\/vidio\/vv_2034763.m3u8",
                        "id": "2034763"
                    },
                    {
                        "title": "Serigala Terakhir - Vidio Original Series | Next On Eps 2",
                        "logo": "https:\/\/cdn-production-thumbor-vidio.akamaized.net\/A9N3dBM_eIm9vUzzfjGazFkCe08=\/220x124\/filters:quality(75)\/vidio-web-prod-video\/uploads\/video\/image\/2047388\/serigala-terakhir-vidio-original-series-next-on-eps-2-be2eff.jpg",
                        "url": "https:\/\/portaltv.xyz\/vidio\/vv_2047388.m3u8",
                        "id": "2047388"
                    },
                    {
                        "title": "Serigala Terakhir - Vidio Original Series | Next On Eps 3",
                        "logo": "https:\/\/cdn-production-thumbor-vidio.akamaized.net\/ELGZc_37XLCIA6udmH_aDyAHm3M=\/220x124\/filters:quality(75)\/vidio-web-prod-video\/uploads\/video\/image\/2037901\/serigala-terakhir-vidio-original-series-next-on-eps-3-f20d29.jpg",
                        "url": "https:\/\/portaltv.xyz\/vidio\/vv_2037901.m3u8",
                        "id": "2037901"
                    },
                    {
                        "title": "Serigala Terakhir - Vidio Original Series | Next On Eps 4",
                        "logo": "https:\/\/cdn-production-thumbor-vidio.akamaized.net\/fhreXW1nl2cO8zxpcK0GE4ZgHwg=\/220x124\/filters:quality(75)\/vidio-web-prod-video\/uploads\/video\/image\/2037902\/serigala-terakhir-vidio-original-series-next-on-eps-4-6f590e.jpg",
                        "url": "https:\/\/portaltv.xyz\/vidio\/vv_2037902.m3u8",
                        "id": "2037902"
                    },
                    {
                        "title": "Serigala Terakhir - Vidio Original Series | Next On Eps 5",
                        "logo": "https:\/\/cdn-production-thumbor-vidio.akamaized.net\/FFZyTyUk4zcne-RwSIg-48-YKnY=\/220x124\/filters:quality(75)\/vidio-web-prod-media\/uploads\/2047389\/images\/ets2_hq_ETS259b92b0b99615c83_640x360-00005.jpg",
                        "url": "https:\/\/portaltv.xyz\/vidio\/vv_2047389.m3u8",
                        "id": "2047389"
                    },
                    {
                        "title": "Serigala Terakhir - Vidio Original Series | Next On Eps 6",
                        "logo": "https:\/\/cdn-production-thumbor-vidio.akamaized.net\/NSswDJVu7NBZNK6HYnF0nIOKcpc=\/220x124\/filters:quality(75)\/vidio-web-prod-media\/uploads\/2047390\/images\/ets2_hq_ETS2bb223f22e341e26d_640x360-00004.jpg",
                        "url": "https:\/\/portaltv.xyz\/vidio\/vv_2047390.m3u8",
                        "id": "2047390"
                    }
                ]
            },
            "Presscon": {
                "episodes": [
                    {
                        "title": "Virtual Screening Vidio Original Series Serigala Terakhir",
                        "logo": "https:\/\/cdn-production-thumbor-vidio.akamaized.net\/Qtr4SspDsCtLp1Y1I9yh9jtGDOo=\/220x124\/filters:quality(75)\/vidio-web-prod-video\/uploads\/video\/image\/2032966\/virtual-screening-vidio-original-series-serigala-terakhir-23d9c6.jpg",
                        "url": "https:\/\/portaltv.xyz\/vidio\/vv_2032966.m3u8",
                        "id": "2032966"
                    }
                ]
            }
        }
    }
}