{
    "2046": {
        "program": "I HEAR(T) YOU",
        "season": {
            "Season 1": {
                "episodes": [
                    {
                        "title": "Ep 01 - Gadis Tanpa Suara",
                        "logo": "https:\/\/cdn-production-thumbor-vidio.akamaized.net\/_u3eKz9KCif6ijvuMSvWKb53adE=\/220x124\/filters:quality(75)\/vidio-web-prod-video\/uploads\/video\/image\/2078447\/ep-01-gadis-tanpa-suara-dd3dbc.jpg",
                        "url": "https:\/\/portaltv.xyz\/vidio\/vv_2078447.m3u8",
                        "id": "2078447"
                    },
                    {
                        "title": "Ep 02 - Reputasi yang Terancam",
                        "logo": "https:\/\/cdn-production-thumbor-vidio.akamaized.net\/xvhR0Ca2X54EGlZMjyVJb8tp_5Q=\/220x124\/filters:quality(75)\/vidio-web-prod-video\/uploads\/video\/image\/2080092\/ep-02-reputasi-yang-terancam-bbfd06.jpg",
                        "url": "https:\/\/portaltv.xyz\/vidio\/vv_2080092.m3u8",
                        "id": "2080092"
                    },
                    {
                        "title": "Ep 03 - Satu Pot Satu Angka",
                        "logo": "https:\/\/cdn-production-thumbor-vidio.akamaized.net\/t6McPfOFeXp-Hga9nvOVoEBIpp0=\/220x124\/filters:quality(75)\/vidio-web-prod-video\/uploads\/video\/image\/2081668\/ep-03-satu-pot-satu-angka-2010f2.jpg",
                        "url": "https:\/\/portaltv.xyz\/vidio\/vv_2081668.m3u8",
                        "id": "2081668"
                    },
                    {
                        "title": "Ep 04 - Hukuman yang Manis",
                        "logo": "https:\/\/cdn-production-thumbor-vidio.akamaized.net\/ibXOLM-UuZ1bkELxhMZaFAhYEkM=\/220x124\/filters:quality(75)\/vidio-web-prod-video\/uploads\/video\/image\/2084444\/i-hear-t-you-ep-4-1a9e78.jpg",
                        "url": "https:\/\/portaltv.xyz\/vidio\/vv_2084444.m3u8",
                        "id": "2084444"
                    },
                    {
                        "title": "Ep 05 - Bolos",
                        "logo": "https:\/\/cdn-production-thumbor-vidio.akamaized.net\/1hAaluowKKD-sWD6SD9uTnMK5qw=\/220x124\/filters:quality(75)\/vidio-web-prod-video\/uploads\/video\/image\/2085793\/ep-05-bolos-a0fc30.jpg",
                        "url": "https:\/\/portaltv.xyz\/vidio\/vv_2085793.m3u8",
                        "id": "2085793"
                    },
                    {
                        "title": "Ep 06 - Ciuman Setan",
                        "logo": "https:\/\/cdn-production-thumbor-vidio.akamaized.net\/AUwNhyIx1F6RdHP76Jbq97arPBI=\/220x124\/filters:quality(75)\/vidio-web-prod-video\/uploads\/video\/image\/2087789\/ep-06-ciuman-setan-adb1ad.jpg",
                        "url": "https:\/\/portaltv.xyz\/vidio\/vv_2087789.m3u8",
                        "id": "2087789"
                    },
                    {
                        "title": "Ep 07 - Perempuan Bersuara Bising",
                        "logo": "https:\/\/cdn-production-thumbor-vidio.akamaized.net\/hN5vcVfWhKpNC6KCrXzf-bVXObY=\/220x124\/filters:quality(75)\/vidio-web-prod-video\/uploads\/video\/image\/2089218\/ep-07-perempuan-bersuara-bising-aabe58.jpg",
                        "url": "https:\/\/portaltv.xyz\/vidio\/vv_2089218.m3u8",
                        "id": "2089218"
                    },
                    {
                        "title": "Ep 08 - Ini Bukan Superpower",
                        "logo": "https:\/\/cdn-production-thumbor-vidio.akamaized.net\/pY0Zt31bZ3GTxp9vUGdgVZyxucg=\/220x124\/filters:quality(75)\/vidio-web-prod-video\/uploads\/video\/image\/2091139\/i-hear-t-you-ep-8-rev-75c86c.jpg",
                        "url": "https:\/\/portaltv.xyz\/vidio\/vv_2091139.m3u8",
                        "id": "2091139"
                    },
                    {
                        "title": "Ep 09 - Sampah Hidup",
                        "logo": "https:\/\/cdn-production-thumbor-vidio.akamaized.net\/GJXsimcgpNMh75yKu8ZpZ9UBSjk=\/220x124\/filters:quality(75)\/vidio-web-prod-video\/uploads\/video\/image\/2092697\/i-hear-t-you-ep-9-5b3607.jpg",
                        "url": "https:\/\/portaltv.xyz\/vidio\/vv_2092697.m3u8",
                        "id": "2092697"
                    },
                    {
                        "title": "Ep 10 - Dengarkan Aku",
                        "logo": "https:\/\/cdn-production-thumbor-vidio.akamaized.net\/5losNCd9WN10wevQersco_n_vA8=\/220x124\/filters:quality(75)\/vidio-web-prod-video\/uploads\/video\/image\/2094932\/i-hear-t-you-ep-10-b9dd52.jpg",
                        "url": "https:\/\/portaltv.xyz\/vidio\/vv_2094932.m3u8",
                        "id": "2094932"
                    }
                ]
            },
            "Extras": {
                "episodes": [
                    {
                        "title": "I HEAR(T) YOU - Vidio Original Series | Kenali Mario",
                        "logo": "https:\/\/cdn-production-thumbor-vidio.akamaized.net\/hjMNxzxEfKWOrRuiFoFm_guXj2A=\/220x124\/filters:quality(75)\/vidio-web-prod-video\/uploads\/video\/image\/2075917\/i-hear-t-you-vidio-original-series-kenali-mario-fa2cfb.jpg",
                        "url": "https:\/\/portaltv.xyz\/vidio\/vv_2075917.m3u8",
                        "id": "2075917"
                    },
                    {
                        "title": "I HEAR(T) YOU - Vidio Original Series | Dengarkan Rona",
                        "logo": "https:\/\/cdn-production-thumbor-vidio.akamaized.net\/XbK8-S5W_C8ghO6icBAu04CNcpU=\/220x124\/filters:quality(75)\/vidio-web-prod-video\/uploads\/video\/image\/2075916\/i-hear-t-you-vidio-original-series-dengarkan-rona-a3d4d8.jpg",
                        "url": "https:\/\/portaltv.xyz\/vidio\/vv_2075916.m3u8",
                        "id": "2075916"
                    },
                    {
                        "title": "I HEAR(T) YOU - Vidio Original Series | 3 Hari Lagi",
                        "logo": "https:\/\/cdn-production-thumbor-vidio.akamaized.net\/OJsMODHaeaEEOhEuvGwolfGCF5Y=\/220x124\/filters:quality(75)\/vidio-web-prod-media\/uploads\/2076072\/images\/ets2_hq_ETS27e0400a37262f89e_640x360-00001.jpg",
                        "url": "https:\/\/portaltv.xyz\/vidio\/vv_2076072.m3u8",
                        "id": "2076072"
                    },
                    {
                        "title": "I HEAR(T) YOU - Vidio Original Series | 2 Hari Lagi",
                        "logo": "https:\/\/cdn-production-thumbor-vidio.akamaized.net\/eZr9VNnct3-3eRVBOfP0XPRx3eA=\/220x124\/filters:quality(75)\/vidio-web-prod-media\/uploads\/2076071\/images\/ets2_hq_ETS2ac03e836891c878f_640x360-00001.jpg",
                        "url": "https:\/\/portaltv.xyz\/vidio\/vv_2076071.m3u8",
                        "id": "2076071"
                    },
                    {
                        "title": "I HEAR(T) YOU - Vidio Original Series |  Besok Tayang",
                        "logo": "https:\/\/cdn-production-thumbor-vidio.akamaized.net\/1t6YEt8lxZ6_MzlE4AwKoUsJqjk=\/220x124\/filters:quality(75)\/vidio-web-prod-media\/uploads\/2076073\/images\/ets2_hq_ETS2bfa522025501ad72_640x360-00001.jpg",
                        "url": "https:\/\/portaltv.xyz\/vidio\/vv_2076073.m3u8",
                        "id": "2076073"
                    },
                    {
                        "title": "I HEAR(T) YOU - Vidio Original Series | Tonton Sekarang",
                        "logo": "https:\/\/cdn-production-thumbor-vidio.akamaized.net\/mc3WmwFmfo_qzcfYDrupD2gEylE=\/220x124\/filters:quality(75)\/vidio-web-prod-media\/uploads\/2076075\/images\/ets2_hq_ETS29cc45c3f57e1d307_640x360-00001.jpg",
                        "url": "https:\/\/portaltv.xyz\/vidio\/vv_2076075.m3u8",
                        "id": "2076075"
                    },
                    {
                        "title": "I HEAR(T) YOU - Vidio Original Series | Next On Episode 02",
                        "logo": "https:\/\/cdn-production-thumbor-vidio.akamaized.net\/wFNXY5UJNBYHTJ0CldR65iJnrzI=\/220x124\/filters:quality(75)\/vidio-web-prod-video\/uploads\/video\/image\/2080592\/i-hear-t-you-vidio-original-series-next-on-episode-02-00b00c.jpg",
                        "url": "https:\/\/portaltv.xyz\/vidio\/vv_2080592.m3u8",
                        "id": "2080592"
                    },
                    {
                        "title": "I HEAR(T) YOU - Vidio Original Series | Next On Episode 03",
                        "logo": "https:\/\/cdn-production-thumbor-vidio.akamaized.net\/vCNGAiWbyGK65XnbrkkrKCxBr9I=\/220x124\/filters:quality(75)\/vidio-web-prod-video\/uploads\/video\/image\/2080593\/i-hear-t-you-vidio-original-series-next-on-episode-03-2a26bf.jpg",
                        "url": "https:\/\/portaltv.xyz\/vidio\/vv_2080593.m3u8",
                        "id": "2080593"
                    },
                    {
                        "title": "I HEAR(T) YOU - Vidio Original Series | Next On Episode 04",
                        "logo": "https:\/\/cdn-production-thumbor-vidio.akamaized.net\/Lvjbc_dAcamW4HdgDPOg8aovmOw=\/220x124\/filters:quality(75)\/vidio-web-prod-video\/uploads\/video\/image\/2080594\/i-hear-t-you-vidio-original-series-next-on-episode-04-2f77e6.jpg",
                        "url": "https:\/\/portaltv.xyz\/vidio\/vv_2080594.m3u8",
                        "id": "2080594"
                    },
                    {
                        "title": "I HEAR(T) YOU - Vidio Original Series | Next On Episode 05",
                        "logo": "https:\/\/cdn-production-thumbor-vidio.akamaized.net\/NHe8PfOIqr3frv2Tx9J40mlzc9o=\/220x124\/filters:quality(75)\/vidio-web-prod-video\/uploads\/video\/image\/2080595\/i-hear-t-you-vidio-original-series-next-on-episode-05-4700dc.jpg",
                        "url": "https:\/\/portaltv.xyz\/vidio\/vv_2080595.m3u8",
                        "id": "2080595"
                    },
                    {
                        "title": "I HEAR(T) YOU - Vidio Original Series | Next On Episode 06",
                        "logo": "https:\/\/cdn-production-thumbor-vidio.akamaized.net\/8ikXLnAhHLkAuo1eY7L6MUo8N1I=\/220x124\/filters:quality(75)\/vidio-web-prod-video\/uploads\/video\/image\/2080596\/i-hear-t-you-vidio-original-series-next-on-episode-06-bc9fdb.jpg",
                        "url": "https:\/\/portaltv.xyz\/vidio\/vv_2080596.m3u8",
                        "id": "2080596"
                    },
                    {
                        "title": "I HEAR(T) YOU - Vidio Original Series | Next On Episode 07",
                        "logo": "https:\/\/cdn-production-thumbor-vidio.akamaized.net\/ltfOO4BUOPy8KZJb3h5ogHkZElg=\/220x124\/filters:quality(75)\/vidio-web-prod-video\/uploads\/video\/image\/2080597\/i-hear-t-you-vidio-original-series-next-on-episode-07-7bee35.jpg",
                        "url": "https:\/\/portaltv.xyz\/vidio\/vv_2080597.m3u8",
                        "id": "2080597"
                    },
                    {
                        "title": "I HEAR(T) YOU - Vidio Original Series | Next On Episode 08",
                        "logo": "https:\/\/cdn-production-thumbor-vidio.akamaized.net\/JDwmCtsMpYf7X0K8jomNRSkglV0=\/220x124\/filters:quality(75)\/vidio-web-prod-video\/uploads\/video\/image\/2080598\/i-hear-t-you-vidio-original-series-next-on-episode-08-8e4463.jpg",
                        "url": "https:\/\/portaltv.xyz\/vidio\/vv_2080598.m3u8",
                        "id": "2080598"
                    },
                    {
                        "title": "I HEAR(T) YOU - Vidio Original Series | Next On Episode 09",
                        "logo": "https:\/\/cdn-production-thumbor-vidio.akamaized.net\/b4Y3W122rqbOBArvxTwauGaZTfM=\/220x124\/filters:quality(75)\/vidio-web-prod-video\/uploads\/video\/image\/2080599\/i-hear-t-you-vidio-original-series-next-on-episode-09-fd177e.jpg",
                        "url": "https:\/\/portaltv.xyz\/vidio\/vv_2080599.m3u8",
                        "id": "2080599"
                    },
                    {
                        "title": "I HEAR(T) YOU - Vidio Original Series | Next On Episode 10",
                        "logo": "https:\/\/cdn-production-thumbor-vidio.akamaized.net\/b1zwRjkXvk7SacbrMESrdWQavc8=\/220x124\/filters:quality(75)\/vidio-web-prod-video\/uploads\/video\/image\/2080600\/i-hear-t-you-vidio-original-series-next-on-episode-10-1d928d.jpg",
                        "url": "https:\/\/portaltv.xyz\/vidio\/vv_2080600.m3u8",
                        "id": "2080600"
                    },
                    {
                        "title": "I HEAR(T) YOU - Vidio Original Series | Can or Can't",
                        "logo": "https:\/\/cdn-production-thumbor-vidio.akamaized.net\/gO1tNh5msAqNxefO5xmeZfgnFpw=\/220x124\/filters:quality(75)\/vidio-web-prod-video\/uploads\/video\/image\/2099129\/i-hear-t-you-vidio-original-series-can-or-can-t-b5626a.jpg",
                        "url": "https:\/\/portaltv.xyz\/vidio\/vv_2099129.m3u8",
                        "id": "2099129"
                    },
                    {
                        "title": "I HEAR(T) YOU - Vidio Original Series | Kata Terbalik",
                        "logo": "https:\/\/cdn-production-thumbor-vidio.akamaized.net\/jRfkSlEgwskyG-Grw5PiKbJaZmQ=\/220x124\/filters:quality(75)\/vidio-web-prod-video\/uploads\/video\/image\/2099130\/i-hear-t-you-vidio-original-series-kata-terbalik-be2c10.jpg",
                        "url": "https:\/\/portaltv.xyz\/vidio\/vv_2099130.m3u8",
                        "id": "2099130"
                    },
                    {
                        "title": "I HEAR(T) YOU - Vidio Original Series | Siapa Dia ?",
                        "logo": "https:\/\/cdn-production-thumbor-vidio.akamaized.net\/osHpY0V2_4K935QzBZpN9nwvGjQ=\/220x124\/filters:quality(75)\/vidio-web-prod-video\/uploads\/video\/image\/2099131\/i-hear-t-you-vidio-original-series-siapa-dia-82f4b5.jpg",
                        "url": "https:\/\/portaltv.xyz\/vidio\/vv_2099131.m3u8",
                        "id": "2099131"
                    },
                    {
                        "title": "I HEAR(T) YOU - Vidio Original Series | Cast Chemistry By Kyla",
                        "logo": "https:\/\/cdn-production-thumbor-vidio.akamaized.net\/lfWsYxQftZtPfgNMd_oYzmRTGUE=\/220x124\/filters:quality(75)\/vidio-web-prod-video\/uploads\/video\/image\/2099132\/i-hear-t-you-vidio-original-series-cast-chemistry-by-kyla-1c8c5f.jpg",
                        "url": "https:\/\/portaltv.xyz\/vidio\/vv_2099132.m3u8",
                        "id": "2099132"
                    },
                    {
                        "title": "I HEAR(T) YOU - Vidio Original Series | Burning Question",
                        "logo": "https:\/\/cdn-production-thumbor-vidio.akamaized.net\/EpuGVTRfS_Ki3WZ2RcjIO-PNNa0=\/220x124\/filters:quality(75)\/vidio-web-prod-video\/uploads\/video\/image\/2099133\/i-hear-t-you-vidio-original-series-burning-question-69d483.jpg",
                        "url": "https:\/\/portaltv.xyz\/vidio\/vv_2099133.m3u8",
                        "id": "2099133"
                    },
                    {
                        "title": "I HEAR(T) YOU - Vidio Original Series | Life Like Emojis",
                        "logo": "https:\/\/cdn-production-thumbor-vidio.akamaized.net\/V7GR4nsSwOJgQESufKT056LuJhI=\/220x124\/filters:quality(75)\/vidio-web-prod-video\/uploads\/video\/image\/2099134\/i-hear-t-you-vidio-original-series-life-like-emojis-d37c1f.jpg",
                        "url": "https:\/\/portaltv.xyz\/vidio\/vv_2099134.m3u8",
                        "id": "2099134"
                    }
                ]
            }
        }
    }
}