{
    "2253137": {
        "program": "FTV Korban Damage Cucu Oma",
        "episodes": [
            {
                "title": "FTV Korban Damage Cucu Oma",
                "logo": "https:\/\/cdn-production-thumbor-vidio.akamaized.net\/I6FRHbNBjZITN5tQpdphdcstn0A=\/640x360\/filters:quality(70)\/vidio-web-prod-video\/uploads\/video\/image\/2253137\/ftv-korban-damage-cucu-oma-8cc16c.jpg",
                "url": "https:\/\/portaltv.xyz\/vidio\/vv_2253137.m3u8",
                "id": "2253137"
            }
        ]
    }
}