{
    "2692": {
        "program": "Pengalaman Horor",
        "season": {
            "Season": {
                "episodes": [
                    {
                        "title": "Gue Punya Cerita Misteri Kosan Angker",
                        "logo": "https:\/\/cdn-production-thumbor-vidio.akamaized.net\/KlJsgM0KxMkryKXoBLjlUflkmQ4=\/220x124\/filters:quality(75)\/vidio-web-prod-video\/uploads\/video\/image\/2099071\/gue-punya-cerita-misteri-kosan-angker-1fd8d2.jpg",
                        "url": "https:\/\/portaltv.xyz\/vidio\/vv_2099071.m3u8",
                        "id": "2099071"
                    },
                    {
                        "title": "Gue Punya Cerita Teror Hantu",
                        "logo": "https:\/\/cdn-production-thumbor-vidio.akamaized.net\/LyKwLHYYhoqrxTbJCtZ5RP_Qu2w=\/220x124\/filters:quality(75)\/vidio-web-prod-video\/uploads\/video\/image\/2099075\/gue-punya-cerita-teror-hantu-a11e82.jpg",
                        "url": "https:\/\/portaltv.xyz\/vidio\/vv_2099075.m3u8",
                        "id": "2099075"
                    },
                    {
                        "title": "Gue Punya Cerita Horor Jangan Tidur Pas Maghrib",
                        "logo": "https:\/\/cdn-production-thumbor-vidio.akamaized.net\/hU7B6Rt_SVRhDqItM_TkLlkjoQk=\/220x124\/filters:quality(75)\/vidio-web-prod-video\/uploads\/video\/image\/2068382\/gue-punya-cerita-horor-jangan-tidur-pas-maghrib-44a119.jpg",
                        "url": "https:\/\/portaltv.xyz\/vidio\/vv_2068382.m3u8",
                        "id": "2068382"
                    },
                    {
                        "title": "Gue Punya Cerita Kontrakan Horor",
                        "logo": "https:\/\/cdn-production-thumbor-vidio.akamaized.net\/Bm40oiCWlykEbpz6pO5vCNZLrHQ=\/220x124\/filters:quality(75)\/vidio-web-prod-video\/uploads\/video\/image\/2034603\/gue-punya-cerita-kontrakan-horor-dee84c.jpg",
                        "url": "https:\/\/portaltv.xyz\/vidio\/vv_2034603.m3u8",
                        "id": "2034603"
                    },
                    {
                        "title": "Gue Punya Cerita Mitos Kucing Hitam",
                        "logo": "https:\/\/cdn-production-thumbor-vidio.akamaized.net\/oQ3XNqjHiD3eaXhj8_xaya_0RKA=\/220x124\/filters:quality(75)\/vidio-web-prod-video\/uploads\/video\/image\/1924555\/gue-punya-cerita-mitos-kucing-hitam-a9163d.jpg",
                        "url": "https:\/\/portaltv.xyz\/vidio\/vv_1924555.m3u8",
                        "id": "1924555"
                    },
                    {
                        "title": "Gue Punya Cerita Horor Lantai Tiga",
                        "logo": "https:\/\/cdn-production-thumbor-vidio.akamaized.net\/fa0WzHEp9KJgisba_f_mwpxsSFQ=\/220x124\/filters:quality(75)\/vidio-web-prod-video\/uploads\/video\/image\/1913588\/gue-punya-cerita-horor-lantai-tiga-57c41a.jpg",
                        "url": "https:\/\/portaltv.xyz\/vidio\/vv_1913588.m3u8",
                        "id": "1913588"
                    }
                ]
            }
        }
    }
}