{
    "2848": {
        "program": "Facetrix",
        "season": {
            "Season 1": {
                "episodes": [
                    {
                        "title": "Ep 01 - Gue Butuh Ganti Muka!",
                        "logo": "https:\/\/cdn-production-thumbor-vidio.akamaized.net\/gXSrDR4PhA-CAV3MNeS_JRQE7ec=\/220x124\/filters:quality(75)\/vidio-web-prod-video\/uploads\/video\/image\/2207561\/ep-01-gue-butuh-ganti-muka-a2e490.jpg",
                        "url": "https:\/\/portaltv.xyz\/vidio\/vv_2207561.m3u8",
                        "id": "2207561"
                    },
                    {
                        "title": "Ep 02 - Dukun di Gang Buntu",
                        "logo": "https:\/\/cdn-production-thumbor-vidio.akamaized.net\/xyMuZtXOV6mSf_epQoPl6ziixeQ=\/220x124\/filters:quality(75)\/vidio-web-prod-video\/uploads\/video\/image\/2210326\/episode-02-abc94b.jpg",
                        "url": "https:\/\/portaltv.xyz\/vidio\/vv_2210326.m3u8",
                        "id": "2210326"
                    },
                    {
                        "title": "Ep 03 - Ada Aturan yang Tidak Boleh Dilanggar",
                        "logo": "https:\/\/cdn-production-thumbor-vidio.akamaized.net\/JCKFLBsoqljk1pEV26QXxBYNXOg=\/220x124\/filters:quality(75)\/vidio-web-prod-video\/uploads\/video\/image\/2211755\/ep-03-ada-aturan-yang-tidak-boleh-dilanggar-544854.jpg",
                        "url": "https:\/\/portaltv.xyz\/vidio\/vv_2211755.m3u8",
                        "id": "2211755"
                    },
                    {
                        "title": "Ep 04 - Cinderella di Sekolah",
                        "logo": "https:\/\/cdn-production-thumbor-vidio.akamaized.net\/0GA6uLuUt9ZHHdATZ1wwH5QOVzY=\/220x124\/filters:quality(75)\/vidio-web-prod-video\/uploads\/video\/image\/2211756\/episode-04-logo-ba6806.jpg",
                        "url": "https:\/\/portaltv.xyz\/vidio\/vv_2211756.m3u8",
                        "id": "2211756"
                    },
                    {
                        "title": "Ep 05 - Handphone adalah Nyawa",
                        "logo": "https:\/\/cdn-production-thumbor-vidio.akamaized.net\/Fug3XMEjwken0euCkbTlk5yfIbI=\/220x124\/filters:quality(75)\/vidio-web-prod-video\/uploads\/video\/image\/2214653\/ep-05-handphone-adalah-nyawa-521a75.jpg",
                        "url": "https:\/\/portaltv.xyz\/vidio\/vv_2214653.m3u8",
                        "id": "2214653"
                    },
                    {
                        "title": "Ep 06 - I Love Myself",
                        "logo": "https:\/\/cdn-production-thumbor-vidio.akamaized.net\/22J9RXB0LpEEh-8jw7awopPzbtI=\/220x124\/filters:quality(75)\/vidio-web-prod-video\/uploads\/video\/image\/2214654\/episode-06-logo-ca5a48.jpg",
                        "url": "https:\/\/portaltv.xyz\/vidio\/vv_2214654.m3u8",
                        "id": "2214654"
                    },
                    {
                        "title": "Ep 07 - Sihir Dibalas Sihir",
                        "logo": "https:\/\/cdn-production-thumbor-vidio.akamaized.net\/6yO6o0KKOKJZWZs3KIYxeCTX4bg=\/220x124\/filters:quality(75)\/vidio-web-prod-video\/uploads\/video\/image\/2219254\/ep-07-sihir-dibalas-sihir-fb8b59.jpg",
                        "url": "https:\/\/portaltv.xyz\/vidio\/vv_2219254.m3u8",
                        "id": "2219254"
                    },
                    {
                        "title": "Ep 08 - Harga Diri yang Jeblok",
                        "logo": "https:\/\/cdn-production-thumbor-vidio.akamaized.net\/_N-FUmW9k3Y1oVtqQX5pH1E0h7M=\/220x124\/filters:quality(75)\/vidio-web-prod-video\/uploads\/video\/image\/2221749\/ep-08-harga-diri-yang-jeblok-a0060e.jpg",
                        "url": "https:\/\/portaltv.xyz\/vidio\/vv_2221749.m3u8",
                        "id": "2221749"
                    },
                    {
                        "title": "Ep 09 - Kembali ke Gang Buntu",
                        "logo": "https:\/\/cdn-production-thumbor-vidio.akamaized.net\/cneRhQDLcU_MvkwNrQHeg86Mi38=\/220x124\/filters:quality(75)\/vidio-web-prod-video\/uploads\/video\/image\/2223101\/ep-09-dfc910.jpg",
                        "url": "https:\/\/portaltv.xyz\/vidio\/vv_2223101.m3u8",
                        "id": "2223101"
                    },
                    {
                        "title": "Eps 10 - Eksis No Debat!",
                        "logo": "https:\/\/cdn-production-thumbor-vidio.akamaized.net\/PH9WXPBpUK4XHQOG6F11PLciaZ0=\/220x124\/filters:quality(75)\/vidio-web-prod-video\/uploads\/video\/image\/2225652\/eps-10-eksis-no-debat-26e66c.jpg",
                        "url": "https:\/\/portaltv.xyz\/vidio\/vv_2225652.m3u8",
                        "id": "2225652"
                    }
                ]
            },
            "Extras": {
                "episodes": [
                    {
                        "title": "Facetrix - Vidio Original Series | Dunia Molly",
                        "logo": "https:\/\/cdn-production-thumbor-vidio.akamaized.net\/OB_Wjgyvm5TL6G-gvkqjGBomIxA=\/220x124\/filters:quality(75)\/vidio-web-prod-video\/uploads\/video\/image\/2210530\/facetrix-vidio-original-series-dunia-molly-84db48.jpg",
                        "url": "https:\/\/portaltv.xyz\/vidio\/vv_2210530.m3u8",
                        "id": "2210530"
                    },
                    {
                        "title": "Facetrix - Vidio Original Series | Ray Ray Ray Lagi",
                        "logo": "https:\/\/cdn-production-thumbor-vidio.akamaized.net\/VAJNDy_QW48Ua-96ivNnmMJPwek=\/220x124\/filters:quality(75)\/vidio-web-prod-video\/uploads\/video\/image\/2210529\/facetrix-vidio-original-series-ray-ray-ray-lagi-7f91a9.jpg",
                        "url": "https:\/\/portaltv.xyz\/vidio\/vv_2210529.m3u8",
                        "id": "2210529"
                    },
                    {
                        "title": "Facetrix - Vidio Original Series | Next On Episode 2",
                        "logo": "https:\/\/cdn-production-thumbor-vidio.akamaized.net\/rLreHg_WOBciUWLH3KFmOErrLwI=\/220x124\/filters:quality(75)\/vidio-web-prod-video\/uploads\/video\/image\/2210481\/facetrix-vidio-original-series-next-on-episode-2-1dd59c.jpg",
                        "url": "https:\/\/portaltv.xyz\/vidio\/vv_2210481.m3u8",
                        "id": "2210481"
                    },
                    {
                        "title": "Facetrix - Vidio Original Series | Next On Episode 3",
                        "logo": "https:\/\/cdn-production-thumbor-vidio.akamaized.net\/_HDdtnQGXMDgYYmtc1bpAYvsPiw=\/220x124\/filters:quality(75)\/vidio-web-prod-video\/uploads\/video\/image\/2210531\/facetrix-vidio-original-series-next-on-episode-3-737290.jpg",
                        "url": "https:\/\/portaltv.xyz\/vidio\/vv_2210531.m3u8",
                        "id": "2210531"
                    },
                    {
                        "title": "Facetrix - Vidio Original Series | Next On Episode 4",
                        "logo": "https:\/\/cdn-production-thumbor-vidio.akamaized.net\/4guZ1YsZ7ezfrUKV-F-J2eqRd2o=\/220x124\/filters:quality(75)\/vidio-web-prod-video\/uploads\/video\/image\/2211753\/facetrix-vidio-original-series-next-on-episode-4-09be45.jpg",
                        "url": "https:\/\/portaltv.xyz\/vidio\/vv_2211753.m3u8",
                        "id": "2211753"
                    },
                    {
                        "title": "Facetrix - Vidio Original Series | Next On Episode 5",
                        "logo": "https:\/\/cdn-production-thumbor-vidio.akamaized.net\/GhiZaZd0Js9OSd8NCO-Nkrlpz_Y=\/220x124\/filters:quality(75)\/vidio-web-prod-video\/uploads\/video\/image\/2211754\/facetrix-vidio-original-series-next-on-episode-5-c02950.jpg",
                        "url": "https:\/\/portaltv.xyz\/vidio\/vv_2211754.m3u8",
                        "id": "2211754"
                    },
                    {
                        "title": "Facetrix - Vidio Original Series | Next On Episode 6",
                        "logo": "https:\/\/cdn-production-thumbor-vidio.akamaized.net\/UCVZ4li96piRVDHDbwemFPA1MhU=\/220x124\/filters:quality(75)\/vidio-web-prod-video\/uploads\/video\/image\/2215559\/facetrix-vidio-original-series-next-on-episode-6-7edab2.jpg",
                        "url": "https:\/\/portaltv.xyz\/vidio\/vv_2215559.m3u8",
                        "id": "2215559"
                    },
                    {
                        "title": "Facetrix - Vidio Original Series | Next On Episode 7",
                        "logo": "https:\/\/cdn-production-thumbor-vidio.akamaized.net\/lnuGdZqqMJfuF7SLpgy6PhFPf54=\/220x124\/filters:quality(75)\/vidio-web-prod-video\/uploads\/video\/image\/2215560\/facetrix-vidio-original-series-next-on-episode-7-88e916.jpg",
                        "url": "https:\/\/portaltv.xyz\/vidio\/vv_2215560.m3u8",
                        "id": "2215560"
                    },
                    {
                        "title": "Facetrix - Vidio Original Series | Next On Episode 8",
                        "logo": "https:\/\/cdn-production-thumbor-vidio.akamaized.net\/kW3xcLIiXSCwHzZr4suxXtv7wnQ=\/220x124\/filters:quality(75)\/vidio-web-prod-video\/uploads\/video\/image\/2220373\/facetrix-vidio-original-series-next-on-episode-8-e3448b.jpg",
                        "url": "https:\/\/portaltv.xyz\/vidio\/vv_2220373.m3u8",
                        "id": "2220373"
                    },
                    {
                        "title": "Facetrix - Vidio Original Series | Next On Episode 9",
                        "logo": "https:\/\/cdn-production-thumbor-vidio.akamaized.net\/39-iyWNZtBPmjoGB2Ewhyy4x6Ks=\/220x124\/filters:quality(75)\/vidio-web-prod-video\/uploads\/video\/image\/2220374\/facetrix-vidio-original-series-next-on-episode-9-d054bc.jpg",
                        "url": "https:\/\/portaltv.xyz\/vidio\/vv_2220374.m3u8",
                        "id": "2220374"
                    },
                    {
                        "title": "Facetrix - Vidio Original Series | Next On Episode 10",
                        "logo": "https:\/\/cdn-production-thumbor-vidio.akamaized.net\/X2j41DJikIvzcs2Dx2cbBLd5LY8=\/220x124\/filters:quality(75)\/vidio-web-prod-video\/uploads\/video\/image\/2224565\/facetrix-vidio-original-series-next-on-episode-10-34f211.jpg",
                        "url": "https:\/\/portaltv.xyz\/vidio\/vv_2224565.m3u8",
                        "id": "2224565"
                    },
                    {
                        "title": "Facetrix - Vidio Original Series | QnA",
                        "logo": "https:\/\/cdn-production-thumbor-vidio.akamaized.net\/llzNNdYvcTv_vL7c1CqWBI_e6SA=\/220x124\/filters:quality(75)\/vidio-web-prod-video\/uploads\/video\/image\/2247848\/facetrix-vidio-original-series-qna-dbfe0e.jpg",
                        "url": "https:\/\/portaltv.xyz\/vidio\/vv_2247848.m3u8",
                        "id": "2247848"
                    },
                    {
                        "title": "Facetrix - Vidio Original Series | Tebak Bahasa Gaul",
                        "logo": "https:\/\/cdn-production-thumbor-vidio.akamaized.net\/ybG6fDam0pM4KNy0vwkiMjPAcNs=\/220x124\/filters:quality(75)\/vidio-web-prod-video\/uploads\/video\/image\/2247851\/facetrix-vidio-original-series-tebak-bahasa-gaul-ee5d2b.jpg",
                        "url": "https:\/\/portaltv.xyz\/vidio\/vv_2247851.m3u8",
                        "id": "2247851"
                    }
                ]
            }
        }
    }
}