{
    "2997": {
        "program": "Assalamualaikum",
        "season": {
            "Season 1": {
                "episodes": [
                    {
                        "title": "Episode 01",
                        "logo": "https:\/\/cdn-production-thumbor-vidio.akamaized.net\/ZxEJ5XQXw7RH6fHn05pk5op2FBQ=\/220x124\/filters:quality(75)\/vidio-web-prod-video\/uploads\/video\/image\/2229434\/episode-01-895924.jpg",
                        "url": "https:\/\/portaltv.xyz\/vidio\/vv_2229434.m3u8",
                        "id": "2229434"
                    },
                    {
                        "title": "Episode 02",
                        "logo": "https:\/\/cdn-production-thumbor-vidio.akamaized.net\/t4HJDjsmFApbY7ietdaBj431A5c=\/220x124\/filters:quality(75)\/vidio-web-prod-video\/uploads\/video\/image\/2232935\/episode-02-d1b0e7.jpg",
                        "url": "https:\/\/portaltv.xyz\/vidio\/vv_2232935.m3u8",
                        "id": "2232935"
                    },
                    {
                        "title": "Episode 03",
                        "logo": "https:\/\/cdn-production-thumbor-vidio.akamaized.net\/qyYSNuzqc_TYd9nYQ_Epi9niNLw=\/220x124\/filters:quality(75)\/vidio-web-prod-video\/uploads\/video\/image\/2236848\/episode-03-b3c795.jpg",
                        "url": "https:\/\/portaltv.xyz\/vidio\/vv_2236848.m3u8",
                        "id": "2236848"
                    },
                    {
                        "title": "Episode 04",
                        "logo": "https:\/\/cdn-production-thumbor-vidio.akamaized.net\/oYlRIQC6s47ZWhp4Iiy45jLbbIM=\/220x124\/filters:quality(75)\/vidio-web-prod-video\/uploads\/video\/image\/2240590\/assalamualaikum-s01_e04-rev-1407202_watermark-2c1d66.jpg",
                        "url": "https:\/\/portaltv.xyz\/vidio\/vv_2240590.m3u8",
                        "id": "2240590"
                    },
                    {
                        "title": "Episode 05",
                        "logo": "https:\/\/cdn-production-thumbor-vidio.akamaized.net\/u_F6aqrTdJ8QyRV5ZK0BZ0h55EU=\/220x124\/filters:quality(75)\/vidio-web-prod-video\/uploads\/video\/image\/2244085\/episode-05-b17a46.jpg",
                        "url": "https:\/\/portaltv.xyz\/vidio\/vv_2244085.m3u8",
                        "id": "2244085"
                    },
                    {
                        "title": "Episode 06",
                        "logo": "https:\/\/cdn-production-thumbor-vidio.akamaized.net\/l50b9-ecmnIEETr-HPj2fQNXMlc=\/220x124\/filters:quality(75)\/vidio-web-prod-video\/uploads\/video\/image\/2247343\/episode-06-76ea7f.jpg",
                        "url": "https:\/\/portaltv.xyz\/vidio\/vv_2247343.m3u8",
                        "id": "2247343"
                    }
                ]
            },
            "Extra": {
                "episodes": [
                    {
                        "title": "Assalamualaikum | Vidio Original Series | 4 Hari Lagi",
                        "logo": "https:\/\/cdn-production-thumbor-vidio.akamaized.net\/y8Z2Te6btLYJBf99oMF8yPjA6Pc=\/220x124\/filters:quality(75)\/vidio-web-prod-media\/uploads\/2227144\/images\/ets2_hq_ETS287f8dcbb126adca4_640x360-00002.jpg",
                        "url": "https:\/\/portaltv.xyz\/vidio\/vv_2227144.m3u8",
                        "id": "2227144"
                    },
                    {
                        "title": "Assalamualaikum | Vidio Original Series | 3 Hari Lagi",
                        "logo": "https:\/\/cdn-production-thumbor-vidio.akamaized.net\/lfSKYSTEULXfmtbO6eum-Vil_YM=\/220x124\/filters:quality(75)\/vidio-web-prod-media\/uploads\/2227145\/images\/ets2_hq_ETS27e64c7b2aae7c757_640x360-00002.jpg",
                        "url": "https:\/\/portaltv.xyz\/vidio\/vv_2227145.m3u8",
                        "id": "2227145"
                    },
                    {
                        "title": "Assalamualaikum | Vidio Original Series | 2 Hari Lagi",
                        "logo": "https:\/\/cdn-production-thumbor-vidio.akamaized.net\/0SctAd_ZQd9mZOYMomZhaKK-in0=\/220x124\/filters:quality(75)\/vidio-web-prod-media\/uploads\/2227146\/images\/ets2_hq_ETS27bf213db44cbe207_640x360-00002.jpg",
                        "url": "https:\/\/portaltv.xyz\/vidio\/vv_2227146.m3u8",
                        "id": "2227146"
                    },
                    {
                        "title": "Assalamualaikum | Vidio Original Series | Besok Tayang",
                        "logo": "https:\/\/cdn-production-thumbor-vidio.akamaized.net\/wE7w_mWFlhoQFEYS4q1PxmmekeE=\/220x124\/filters:quality(75)\/vidio-web-prod-media\/uploads\/2227147\/images\/ets2_hq_ETS255c5fddc25c18c66_640x360-00002.jpg",
                        "url": "https:\/\/portaltv.xyz\/vidio\/vv_2227147.m3u8",
                        "id": "2227147"
                    },
                    {
                        "title": "Assalamualaikum | Vidio Original Series | Tonton Sekarang",
                        "logo": "https:\/\/cdn-production-thumbor-vidio.akamaized.net\/-2fJ2vJrJ7gvgUC3Dzmh7rpyAos=\/220x124\/filters:quality(75)\/vidio-web-prod-media\/uploads\/2227149\/images\/ets2_hq_ETS230123c5c9f045692_640x360-00002.jpg",
                        "url": "https:\/\/portaltv.xyz\/vidio\/vv_2227149.m3u8",
                        "id": "2227149"
                    },
                    {
                        "title": "Assalamualaikum - Vidio Original Series | Next On Episode 2",
                        "logo": "https:\/\/cdn-production-thumbor-vidio.akamaized.net\/dto8dm2bvCTmYo920pH9wtX_ThM=\/220x124\/filters:quality(75)\/vidio-web-prod-media\/uploads\/2235421\/images\/ets2_hq_ETS21aa08ea8b1da9c81_640x360-00003.jpg",
                        "url": "https:\/\/portaltv.xyz\/vidio\/vv_2235421.m3u8",
                        "id": "2235421"
                    },
                    {
                        "title": "Assalamualaikum - Vidio Original Series | Next On Episode 3",
                        "logo": "https:\/\/cdn-production-thumbor-vidio.akamaized.net\/OxiiVTve-ZJGAi3Pc7_iHvjwSPQ=\/220x124\/filters:quality(75)\/vidio-web-prod-media\/uploads\/2236427\/images\/ets2_hq_ETS2ab1edd3ffbe4d27e_640x360-00004.jpg",
                        "url": "https:\/\/portaltv.xyz\/vidio\/vv_2236427.m3u8",
                        "id": "2236427"
                    },
                    {
                        "title": "Assalamualaikum - Vidio Original Series | Next On Episode 4",
                        "logo": "https:\/\/cdn-production-thumbor-vidio.akamaized.net\/nJbeIJcxpyv99oHwMHY4DRMiW8I=\/220x124\/filters:quality(75)\/vidio-web-prod-media\/uploads\/2247565\/images\/ets2_hq_ETS24101995dba28e603_640x360-00003.jpg",
                        "url": "https:\/\/portaltv.xyz\/vidio\/vv_2247565.m3u8",
                        "id": "2247565"
                    },
                    {
                        "title": "Assalamualaikum - Vidio Original Series | Next On Episode 5",
                        "logo": "https:\/\/cdn-production-thumbor-vidio.akamaized.net\/hmmrkGh7vGE1QD7dVpsdTIxPAh0=\/220x124\/filters:quality(75)\/vidio-web-prod-media\/uploads\/2247566\/images\/ets2_hq_ETS28103fd44f90e7604_640x360-00003.jpg",
                        "url": "https:\/\/portaltv.xyz\/vidio\/vv_2247566.m3u8",
                        "id": "2247566"
                    },
                    {
                        "title": "Assalamualaikum - Vidio Original Series | Next On Episode 6",
                        "logo": "https:\/\/cdn-production-thumbor-vidio.akamaized.net\/j5xj6rGI85LCH80G7XcfbMk15yg=\/220x124\/filters:quality(75)\/vidio-web-prod-media\/uploads\/2247567\/images\/ets2_hq_ETS228164a823b63f50d_640x360-00003.jpg",
                        "url": "https:\/\/portaltv.xyz\/vidio\/vv_2247567.m3u8",
                        "id": "2247567"
                    },
                    {
                        "title": "Assalamualaikum - Vidio Original Series | QnA",
                        "logo": "https:\/\/cdn-production-thumbor-vidio.akamaized.net\/XeVb2Xfl6fyjbx0Uutd_DrMXqnI=\/220x124\/filters:quality(75)\/vidio-web-prod-media\/uploads\/2250822\/images\/ets2_hq_ETS284b3f2f619ca72f9_640x360-00073.jpg",
                        "url": "https:\/\/portaltv.xyz\/vidio\/vv_2250822.m3u8",
                        "id": "2250822"
                    }
                ]
            }
        }
    }
}