{
    "3111": {
        "program": "Paradise Garden",
        "season": {
            "Season 1": {
                "episodes": [
                    {
                        "title": "Ep 01 - Tuan Rumah Yang Menghilang",
                        "logo": "https:\/\/cdn-production-thumbor-vidio.akamaized.net\/V6QS4usv4mh30jvY1OLDyyiS4rc=\/220x124\/filters:quality(75)\/vidio-web-prod-video\/uploads\/video\/image\/2247036\/episode-01-973a8b.jpg",
                        "url": "https:\/\/portaltv.xyz\/vidio\/vv_2247036.m3u8",
                        "id": "2247036"
                    },
                    {
                        "title": "Ep 02 - Pemburu Organ",
                        "logo": "https:\/\/cdn-production-thumbor-vidio.akamaized.net\/zfOrEXvEGwTafMoMZwsQCljGKIo=\/220x124\/filters:quality(75)\/vidio-web-prod-video\/uploads\/video\/image\/2251205\/ep-02-pemburu-organ-82096e.jpg",
                        "url": "https:\/\/portaltv.xyz\/vidio\/vv_2251205.m3u8",
                        "id": "2251205"
                    },
                    {
                        "title": "Ep 03 - Penculikan Terencana",
                        "logo": "https:\/\/cdn-production-thumbor-vidio.akamaized.net\/H9snj8D-ArbYeWflbiGwNJCyNK4=\/220x124\/filters:quality(75)\/vidio-web-prod-video\/uploads\/video\/image\/2255016\/episode-03-7a16fe.jpg",
                        "url": "https:\/\/portaltv.xyz\/vidio\/vv_2255016.m3u8",
                        "id": "2255016"
                    },
                    {
                        "title": "Ep 04 - Tangan Gurita",
                        "logo": "https:\/\/cdn-production-thumbor-vidio.akamaized.net\/EzVF4HhM0WdOdikPlLs8wWLWEGQ=\/220x124\/filters:quality(75)\/vidio-web-prod-video\/uploads\/video\/image\/2259146\/ep-04-tangan-gurita-3b6485.jpg",
                        "url": "https:\/\/portaltv.xyz\/vidio\/vv_2259146.m3u8",
                        "id": "2259146"
                    },
                    {
                        "title": "Ep 05 - Mencari Mangsa",
                        "logo": "https:\/\/cdn-production-thumbor-vidio.akamaized.net\/Xwud3Mxxipml7Rsh7xzVpu8GEUo=\/220x124\/filters:quality(75)\/vidio-web-prod-video\/uploads\/video\/image\/2272800\/ep-05-mencari-mangsa-f75a1c.jpg",
                        "url": "https:\/\/portaltv.xyz\/vidio\/vv_2272800.m3u8",
                        "id": "2272800"
                    }
                ]
            },
            "Extra": {
                "episodes": [
                    {
                        "title": "Paradise Garden - Vidio Original Series | Next On Episode 5",
                        "logo": "https:\/\/cdn-production-thumbor-vidio.akamaized.net\/RDlKxeFisK7o797xgXGmLdm-BLY=\/220x124\/filters:quality(75)\/vidio-web-prod-video\/uploads\/video\/image\/2257871\/paradise-garden-vidio-original-series-next-on-episode-5-80cd49.jpg",
                        "url": "https:\/\/portaltv.xyz\/vidio\/vv_2257871.m3u8",
                        "id": "2257871"
                    },
                    {
                        "title": "Paradise Garden - Vidio Original Series | Next On Episode 4",
                        "logo": "https:\/\/cdn-production-thumbor-vidio.akamaized.net\/68-WmAIhALYMb8xvqmW5zCW6_C8=\/220x124\/filters:quality(75)\/vidio-web-prod-video\/uploads\/video\/image\/2257870\/paradise-garden-vidio-original-series-next-on-episode-4-407b83.jpg",
                        "url": "https:\/\/portaltv.xyz\/vidio\/vv_2257870.m3u8",
                        "id": "2257870"
                    },
                    {
                        "title": "Paradise Garden- Vidio Original Series | Next On Episode 3",
                        "logo": "https:\/\/cdn-production-thumbor-vidio.akamaized.net\/7x3sbRZtUNzmAwWzGztXwFd8N-s=\/220x124\/filters:quality(75)\/vidio-web-prod-video\/uploads\/video\/image\/2247959\/paradise-garden-vidio-original-series-next-on-episode-3-dfbefc.jpg",
                        "url": "https:\/\/portaltv.xyz\/vidio\/vv_2247959.m3u8",
                        "id": "2247959"
                    },
                    {
                        "title": "Paradise Garden- Vidio Original Series | Next On Episode 2",
                        "logo": "https:\/\/cdn-production-thumbor-vidio.akamaized.net\/2NFLp5sfPoj9h4b4Dhp0KvLdoX4=\/220x124\/filters:quality(75)\/vidio-web-prod-video\/uploads\/video\/image\/2247958\/paradise-garden-vidio-original-series-next-on-episode-2-6a6a8f.jpg",
                        "url": "https:\/\/portaltv.xyz\/vidio\/vv_2247958.m3u8",
                        "id": "2247958"
                    },
                    {
                        "title": "Paradise Garden - Vidio Original Series | 3 Hari Lagi",
                        "logo": "https:\/\/cdn-production-thumbor-vidio.akamaized.net\/qgTDhrzk7UVZ8Qm3Da1kvNzR15c=\/220x124\/filters:quality(75)\/vidio-web-prod-media\/uploads\/2246204\/images\/ets2_hq_ETS23f2417a42bfcbc85_640x360-00002.jpg",
                        "url": "https:\/\/portaltv.xyz\/vidio\/vv_2246204.m3u8",
                        "id": "2246204"
                    },
                    {
                        "title": "Paradise Garden - Vidio Original Series | 2 Hari Lagi",
                        "logo": "https:\/\/cdn-production-thumbor-vidio.akamaized.net\/WlKhKmoTLHkIyrW7rmDgKA2dNkE=\/220x124\/filters:quality(75)\/vidio-web-prod-media\/uploads\/2246205\/images\/ets2_hq_ETS28f561a4ccbef1475_640x360-00002.jpg",
                        "url": "https:\/\/portaltv.xyz\/vidio\/vv_2246205.m3u8",
                        "id": "2246205"
                    },
                    {
                        "title": "Paradise Garden - Vidio Original Series | Besok Tayang",
                        "logo": "https:\/\/cdn-production-thumbor-vidio.akamaized.net\/QV9fGa6amEdo5z9aOJnCnOUQg_M=\/220x124\/filters:quality(75)\/vidio-web-prod-media\/uploads\/2246206\/images\/ets2_hq_ETS2fe0f1f6828a8cdc3_640x360-00002.jpg",
                        "url": "https:\/\/portaltv.xyz\/vidio\/vv_2246206.m3u8",
                        "id": "2246206"
                    },
                    {
                        "title": "Paradise Garden- Vidio Original Series | Tonton Sekarang",
                        "logo": "https:\/\/cdn-production-thumbor-vidio.akamaized.net\/0jIQU-6KSe7V8cICTnDpvMed0io=\/220x124\/filters:quality(75)\/vidio-web-prod-media\/uploads\/2246207\/images\/ets2_hq_ETS2cc9e2482a9c7558e_640x360-00002.jpg",
                        "url": "https:\/\/portaltv.xyz\/vidio\/vv_2246207.m3u8",
                        "id": "2246207"
                    }
                ]
            }
        }
    }
}