{
    "3229": {
        "program": "Podcast Suara Hati Istri",
        "season": {
            "Season": {
                "episodes": [
                    {
                        "title": "Suamiku Melarang Aku Bertemu Orang Tua Sampai Ayah Meninggal",
                        "logo": "https:\/\/cdn-production-thumbor-vidio.akamaized.net\/IspjTorHAM8y146GO8CqYB7COKo=\/220x124\/filters:quality(75)\/vidio-web-prod-video\/uploads\/video\/image\/2272155\/suamiku-melarang-aku-bertemu-orang-tua-sampai-ayah-meninggal-db1dc4.jpg",
                        "url": "https:\/\/portaltv.xyz\/vidio\/vv_2272155.m3u8",
                        "id": "2272155"
                    }
                ]
            }
        }
    }
}