{
    "883": {
        "program": "Gundala",
        "season": {
            "Extras": {
                "episodes": [
                    {
                        "title": "Gundala - Tayang 18 Januari 2020 Hanya di Vidio",
                        "logo": "https:\/\/cdn-production-thumbor-vidio.akamaized.net\/gQyN8v9Fsl-hlwVYrwwJxg6npe0=\/220x124\/filters:quality(75)\/vidio-web-prod-video\/uploads\/video\/image\/1875020\/gundala-tayang-18-januari-2020-hanya-di-vidio-183f16.jpg",
                        "url": "https:\/\/portaltv.xyz\/vidio\/vv_1875020.m3u8",
                        "id": "1875020"
                    },
                    {
                        "title": "Gundala - Official Trailer | Mulai Tayang 18 Januari 2020 di Vidio",
                        "logo": "https:\/\/cdn-production-thumbor-vidio.akamaized.net\/0XGjRtwc_HsxGba77qbqtQb3foQ=\/220x124\/filters:quality(75)\/vidio-web-prod-video\/uploads\/video\/image\/1876939\/gundala-official-trailer-mulai-tayang-18-januari-2020-di-vidio-7debd7.jpg",
                        "url": "https:\/\/portaltv.xyz\/vidio\/vv_1876939.m3u8",
                        "id": "1876939"
                    },
                    {
                        "title": "Greetings dari Abimana Aryasatya dan Muzakki Ramdhan | Gundala di Vidio",
                        "logo": "https:\/\/cdn-production-thumbor-vidio.akamaized.net\/wvWmR99-o0luJEHigLjWS5Co-fQ=\/220x124\/filters:quality(75)\/vidio-web-prod-media\/uploads\/1878680\/images\/ets-greeting-6983-672x378-00002.jpg",
                        "url": "https:\/\/portaltv.xyz\/vidio\/vv_1878680.m3u8",
                        "id": "1878680"
                    },
                    {
                        "title": "Gundala Tayang 1 Hari Lagi di Vidio!",
                        "logo": "https:\/\/cdn-production-thumbor-vidio.akamaized.net\/WhXU9KD04D94ekZuuoOya57q2N8=\/220x124\/filters:quality(75)\/vidio-web-prod-media\/uploads\/1878675\/images\/ets-countdown-201-29ec-672x378-00001.jpg",
                        "url": "https:\/\/portaltv.xyz\/vidio\/vv_1878675.m3u8",
                        "id": "1878675"
                    },
                    {
                        "title": "Gundala Tayang Hari Ini di Vidio!",
                        "logo": "https:\/\/cdn-production-thumbor-vidio.akamaized.net\/3vdv500tlY1TD6_bEnt5oegzo7o=\/220x124\/filters:quality(75)\/vidio-web-prod-media\/uploads\/1878678\/images\/ets-countdown-202-7a05-672x378-00001.jpg",
                        "url": "https:\/\/portaltv.xyz\/vidio\/vv_1878678.m3u8",
                        "id": "1878678"
                    },
                    {
                        "title": "Bermain Lucky Pirates dengan Abimana Aryasatya dan Muzakki Ramdhan! | Gundala di Vidio",
                        "logo": "https:\/\/cdn-production-thumbor-vidio.akamaized.net\/bvR7dezaUQAs8oVbqWD9t4iW1a8=\/220x124\/filters:quality(75)\/vidio-web-prod-video\/uploads\/video\/image\/1885620\/bermain-lucky-pirates-dengan-abimana-aryasatya-dan-muzakki-ramdhan-gundala-di-vidio-8c17d3.jpg",
                        "url": "https:\/\/portaltv.xyz\/vidio\/vv_1885620.m3u8",
                        "id": "1885620"
                    },
                    {
                        "title": "Basketball Challenge dengan Abimana Aryasatya dan Muzakki Ramdhan! | Gundala di Vidio",
                        "logo": "https:\/\/cdn-production-thumbor-vidio.akamaized.net\/k_gkU5rmLDpK5aUDYWvqgLG5yuA=\/220x124\/filters:quality(75)\/vidio-web-prod-video\/uploads\/video\/image\/1886530\/basketball-challenge-dengan-abimana-aryasatya-dan-muzakki-ramdhan-gundala-di-vidio-862d28.jpg",
                        "url": "https:\/\/portaltv.xyz\/vidio\/vv_1886530.m3u8",
                        "id": "1886530"
                    },
                    {
                        "title": "Show Your Vidio! Dengan cast Gundala Part 1 | Gundala di Vidio",
                        "logo": "https:\/\/cdn-production-thumbor-vidio.akamaized.net\/zg2UGhMWaELWoRTO8AcwM93vPmo=\/220x124\/filters:quality(75)\/vidio-web-prod-video\/uploads\/video\/image\/1899523\/konten-3-part-1-7d3bca.jpg",
                        "url": "https:\/\/portaltv.xyz\/vidio\/vv_1899523.m3u8",
                        "id": "1899523"
                    },
                    {
                        "title": "Show Your Vidio! Dengan cast Gundala Part 2 | Gundala di Vidio",
                        "logo": "https:\/\/cdn-production-thumbor-vidio.akamaized.net\/jrmSvM3aoPg2-VhiH2lNx0YmrVk=\/220x124\/filters:quality(75)\/vidio-web-prod-video\/uploads\/video\/image\/1899524\/konten-3-part-2-50894c.jpg",
                        "url": "https:\/\/portaltv.xyz\/vidio\/vv_1899524.m3u8",
                        "id": "1899524"
                    },
                    {
                        "title": "Lihat Booth Gundala x Vidio dengan cast Gundala | Gundala di Vidio",
                        "logo": "https:\/\/cdn-production-thumbor-vidio.akamaized.net\/zIBA8xHzTXgM47Mb6dYSucPwiJM=\/220x124\/filters:quality(75)\/vidio-web-prod-video\/uploads\/video\/image\/1899513\/konten-4-booth-vidio-x-gundala-4257bb.jpg",
                        "url": "https:\/\/portaltv.xyz\/vidio\/vv_1899513.m3u8",
                        "id": "1899513"
                    }
                ]
            }
        }
    }
}